Tag,Content
H1,Build Industry-Ready Skills.Turn Proof into Careers.
H2,More Than Learning.A Career Ecosystem.
H3,Learn with structured programs
H3,Apply skills through real-world tasks
H3,Validate skills via assessments
H3,Gain visibility with verified credentials
H2,Programs Designed forReal-World Impact.
H3,Virtual Internship Program
H3,Certification Programs
H3,Career & Study Resources
H3,Courses
H2,Why Learners ChooseShadowFox
H3,Career First Design
H3,Practical Focus
H3,Transparent Evaluation
H3,Verified Credentials
H3,Accessible Pathways
H3,Student-First Philosophy
H2,Trusted by LeadingInstitutions
H2,Hear From OurSuccess Stories
H2,Built for Learners Who WantMore Than Certificates
H3,Students preparing for tech careers
H3,Fresh graduates
H3,Career switchers
H2,Colleges & Institutions
H3,Industry-recognized credentials
H3,Supportive community
H3,Hands-on learning
H2,Powered by a GrowingStudent Community
H3,Active learner community
H3,Peer collaboration
H3,Recognition through swags and goodies
H3,Alumni visibility
H2,Start Building SkillsThat Matter.
H3,Career-Focused Tech Education
